Fecha,Control,Producto,O2 desaireador,O2 cwc,O2 ing carbo,Set factor CO2,Volumen CO2,Temp botella,Temp Carbo,Pres bomba,Azucar,JMAF,Sin Azucar,Vel_llenado _botellas/ horas,Nivel de espumado
2023-12-01,1,CC,0.33,0.39,0.64,3.7,4.01,12.1,11.5,4.5,1,0,0,9125,3
2023-12-01,2,CC,0.32,0.34,0.61,3.7,3.99,9.3,8.3,4.5,1,0,0,13455,3
2023-12-01,3,CC,0.34,0.36,0.59,3.7,4.0,9.1,8.1,4.5,1,0,0,13450,3
2023-12-01,4,CC,0.33,0.36,0.44,3.7,3.91,6.6,5.9,4.5,0,1,0,21010,1
2023-12-01,5,CC,0.32,0.37,0.63,3.7,3.95,6.8,5.9,4.5,0,1,0,21010,1
2023-12-01,6,CC,0.34,0.36,0.61,3.7,3.88,6.9,5.6,4.5,0,1,0,22666,1
2023-12-01,7,CC,0.33,0.31,0.46,3.7,4.01,7.0,5.7,4.5,0,1,0,22108,1
2023-12-01,8,CC,0.31,0.31,0.51,3.7,3.91,10.51,8.4,4.5,1,0,0,18658,2
2023-12-01,9,CC,0.3,0.36,0.38,3.7,3.99,6.8,5.7,4.5,1,0,0,21326,1
2023-12-01,10,CC,0.25,0.33,0.39,3.7,4.01,6.4,5.3,4.5,1,0,0,22101,1
2023-12-01,11,CC,0.29,0.34,0.46,3.7,4.05,6.4,5.4,4.5,1,0,0,22185,1
2023-12-01,12,CC,0.32,0.36,0.51,3.6,3.89,6.6,5.5,4.5,1,0,0,22899,1
2023-12-01,13,CC,0.28,0.32,0.49,3.6,3.88,6.0,5.1,4.5,1,0,0,23502,0
2023-12-01,14,CC,0.23,0.3,0.48,3.6,3.79,5.0,4.1,4.5,1,0,0,24000,0
2023-12-01,15,CC,0.33,0.36,0.52,3.6,3.89,6.1,5.0,4.5,0,1,0,23985,0
2023-12-01,16,CC,0.36,0.34,0.63,3.6,3.81,5.2,4.3,4.5,1,0,0,23998,0
2023-12-02,17,CC,0.35,0.37,0.51,3.7,3.88,8.0,7.1,4.5,1,0,0,21001,1
2023-12-02,18,CC,0.33,0.36,0.45,3.7,3.91,8.6,7.6,4.5,1,0,0,20255,2
2023-12-02,19,CC,0.32,0.39,0.47,3.7,3.9,8.6,7.5,4.5,1,0,0,20344,2
2023-12-02,20,CC,0.32,0.33,0.39,3.7,3.89,6.6,5.6,4.5,1,0,0,22897,1
2023-12-02,21,CC,0.32,0.36,0.37,3.7,3.93,5.0,4.1,4.5,1,0,0,23997,0
2023-12-02,22,CC,0.33,0.36,0.42,3.7,3.99,5.0,4.1,4.5,1,0,0,23988,0
2023-12-02,23,CC,0.34,0.35,0.44,3.7,3.95,6.7,5.6,4.5,1,0,0,21399,1
2023-12-02,24,CC,0.66,0.52,0.51,3.7,3.96,7.0,5.9,4.5,1,0,0,21655,1
2023-12-02,25,CC,0.71,0.81,0.82,3.7,4.01,6.9,6.0,4.5,1,0,0,20211,2
2023-12-02,26,CC,0.33,0.33,0.41,3.7,4.02,7.0,6.0,4.5,0,1,0,20211,2
2023-12-02,27,CC,0.29,0.34,0.39,3.7,4.01,6.9,5.9,4.5,0,1,0,20655,2
2023-12-02,28,CC,0.16,0.21,0.3,3.7,4.06,7.0,5.9,4.5,0,1,0,20625,2
2023-12-02,29,CC,0.22,0.27,0.39,3.6,3.81,6.6,5.6,4.5,0,1,0,22901,1
2023-12-02,30,CC,0.39,0.43,0.33,3.6,3.81,6.6,5.6,4.5,1,0,0,22901,1
2023-12-02,31,CC,0.41,0.31,0.32,3.6,3.79,6.3,5.3,4.5,1,0,0,23522,0
2023-12-02,32,CC,0.36,0.36,0.39,3.6,3.77,6.1,5.1,4.5,1,0,0,23985,0
2023-12-03,33,CCZ,0.36,0.36,0.4,4.0,4.05,5.0,4.1,4.5,0,0,1,22640,1
2023-12-03,34,CCZ,0.36,0.37,0.41,4.0,4.1,5.2,4.1,4.5,0,0,1,22640,1
2023-12-03,35,CCZ,0.31,0.33,0.39,4.0,4.12,8.6,7.6,4.5,0,0,1,12332,3
2023-12-03,36,CCZ,0.26,0.3,0.29,3.9,3.9,8.4,7.5,4.5,0,0,1,14455,3
2023-12-03,37,CCZ,0.22,0.25,0.29,3.9,4.01,8.2,7.3,4.5,0,0,1,13758,3
2023-12-03,38,CCZ,0.29,0.39,0.41,3.9,3.99,8.2,7.3,4.5,0,0,1,13111,3
2023-12-03,39,CCZ,0.19,0.25,0.28,3.9,3.9,6.8,5.8,4.5,0,0,1,17333,2
2023-12-03,40,CCZ,0.21,0.29,0.33,3.9,4.08,10.3,9.4,4.5,0,0,1,9211,3
2023-12-03,41,CC,0.31,0.31,0.37,3.9,4.19,7.1,6.1,4.5,1,0,0,22288,1
2023-12-03,42,CC,0.28,0.31,0.36,3.9,4.2,7.3,6.3,4.5,1,0,0,22122,1
2023-12-03,43,CC,0.24,0.33,0.39,3.8,4.07,7.4,6.4,4.5,1,0,0,22116,1
2023-12-03,44,CC,0.26,0.36,0.41,3.7,4.03,8.0,7.0,4.5,1,0,0,19600,2
2023-12-03,45,CC,0.32,0.36,0.42,3.7,3.99,8.1,7.2,4.5,1,0,0,22399,1
2023-12-03,46,CC,0.29,0.34,0.39,3.7,3.98,8.0,7.1,4.5,1,0,0,21961,1
2023-12-03,47,CC,0.28,0.31,0.44,3.7,3.91,7.0,6.1,4.5,1,0,0,22675,1
2023-12-03,48,CC,0.3,0.37,0.49,3.7,3.96,6.2,5.3,4.5,1,0,0,23551,0
2023-12-04,49,CC,2.11,2.31,2.3,3.8,4.01,7.9,6.9,4.5,1,0,0,18147,2
2023-12-04,50,CC,2.67,2.84,2.81,3.8,4.15,8.1,7.1,4.5,1,0,0,17015,2
2023-12-04,51,CC,2.13,2.74,2.77,3.8,4.23,10.1,9.15,4.5,1,0,0,12666,3
2023-12-04,52,CC,2.41,2.61,2.69,3.8,4.27,6.1,5.2,4.5,1,0,0,20688,2
2023-12-04,53,CC,2.35,2.49,2.48,3.7,4.01,5.8,4.8,4.5,1,0,0,23511,0
2023-12-04,54,CC,2.51,2.6,2.59,3.7,3.99,5.6,4.6,4.5,1,0,0,23612,0
2023-12-04,55,CC,2.36,2.41,2.47,3.7,3.97,5.4,4.4,4.5,1,0,0,23688,0
2023-12-04,56,CC,2.39,2.48,2.49,3.7,3.91,5.4,4.4,4.5,1,0,0,23898,0
2023-12-04,57,CC,2.43,2.51,2.55,3.7,3.9,5.4,4.4,4.5,1,0,0,24001,0
2023-12-04,58,CC,2.1,2.33,2.3,3.7,3.95,5.5,4.6,4.5,1,0,0,24022,0
2023-12-04,59,CC,1.89,2.16,2.16,3.7,3.91,5.5,4.6,4.5,1,0,0,24001,0
2023-12-04,60,CC,1.71,2.09,2.01,3.7,3.89,5.4,4.4,4.5,1,0,0,24071,0
2023-12-04,61,CC,1.61,2.03,2.03,3.7,3.89,5.3,4.4,4.5,1,0,0,24015,0
2023-12-04,62,CC,1.63,2.03,2.09,3.7,3.9,5.0,4.1,4.5,1,0,0,24031,0
2023-12-04,63,CC,1.65,1.87,1.91,3.7,3.92,6.0,5.0,4.5,1,0,0,23855,0
2023-12-04,64,CC,1.53,1.88,2.03,3.7,3.88,5.6,4.6,4.5,1,0,0,23999,0
2023-12-05,65,CC,3.11,3.16,3.12,3.7,3.89,5.0,4.0,4.5,1,0,0,23999,0
2023-12-05,66,CC,3.24,3.31,3.4,3.7,3.91,5.1,4.2,4.5,1,0,0,23958,0
2023-12-05,67,CC,3.16,3.33,3.39,3.7,3.92,5.1,4.2,4.5,1,0,0,23899,0
2023-12-05,68,CC,3.19,3.15,3.31,3.7,3.89,5.2,4.3,4.5,1,0,0,23899,0
2023-12-05,69,CC,3.29,3.41,3.51,3.7,3.88,8.0,7.0,4.5,1,0,0,21891,1
2023-12-05,70,CC,3.33,3.44,3.48,3.7,3.98,8.2,7.1,4.5,1,0,0,22589,1
2023-12-05,71,CC,3.34,3.39,3.47,3.7,3.91,8.7,7.7,4.5,1,0,0,20113,2
2023-12-05,72,CC,3.67,3.65,3.71,3.7,3.95,10.0,9.0,4.5,1,0,0,16551,2
2023-12-05,73,CC,4.01,3.99,3.88,3.7,3.91,8.0,7.0,4.5,1,0,0,21995,1
2023-12-05,74,CC,4.3,4.64,4.29,3.7,3.89,9.1,8.3,4.5,1,0,0,14877,3
2023-12-05,75,CC,4.25,4.61,4.59,3.7,3.99,8.0,7.0,4.5,1,0,0,21771,1
2023-12-05,76,CC,4.21,4.55,4.64,3.7,3.91,6.4,5.6,4.5,1,0,0,22111,1
2023-12-05,77,CC,2.99,3.12,3.91,3.7,3.95,7.0,5.9,4.5,1,0,0,22132,1
2023-12-05,78,CC,2.7,2.94,3.28,3.7,3.89,8.0,7.0,4.5,1,0,0,20111,2
2023-12-05,79,CC,2.11,2.69,3.06,3.7,3.99,7.7,6.7,4.5,1,0,0,22555,1
2023-12-05,80,CC,2.54,2.71,2.69,3.7,3.89,7.8,6.8,4.5,1,0,0,22505,1
2023-12-06,81,CC,0.29,0.34,0.46,3.7,4.05,8.0,7.1,4.5,0,1,0,22185,1
2023-12-07,82,CC,0.32,0.36,0.51,3.6,3.89,8.1,7.0,4.5,0,1,0,22899,1
2023-12-08,83,CC,0.28,0.32,0.49,3.6,3.88,7.0,6.1,4.5,0,1,0,23322,1
2023-12-09,84,CC,0.23,0.3,0.48,3.6,3.79,5.0,4.1,4.5,0,1,0,24000,0
2023-12-10,85,CC,0.33,0.36,0.52,3.6,3.89,6.1,5.0,4.5,0,1,0,23977,0
2023-12-11,86,CC,0.36,0.34,0.63,3.6,3.81,5.2,4.3,4.5,0,1,0,23998,0
2023-12-12,87,CC,0.35,0.37,0.51,3.7,3.88,8.0,7.1,4.5,0,1,0,23101,1
2023-12-13,88,CC,0.33,0.36,0.45,3.7,3.91,8.6,7.6,4.5,0,1,0,20255,2
2023-12-14,89,CC,0.32,0.39,0.47,3.7,3.9,8.6,7.5,4.5,0,1,0,20344,2
2023-12-15,90,CC,0.32,0.33,0.39,3.7,3.89,6.6,5.6,4.5,0,1,0,22897,1
2023-12-16,91,CC,0.32,0.36,0.37,3.7,3.93,5.0,4.1,4.5,0,1,0,23997,0
2023-12-17,92,CC,0.33,0.36,0.42,3.7,3.99,5.0,4.1,4.5,0,1,0,23988,0
2023-12-18,93,CC,0.34,0.35,0.44,3.7,3.95,6.7,5.6,4.5,1,0,0,21399,1
2023-12-19,94,CC,0.66,0.52,0.51,3.7,3.96,7.0,5.9,4.5,1,0,0,21885,1
2023-12-20,95,CC,0.71,0.81,0.82,3.7,4.01,6.9,6.0,4.5,1,0,0,20211,2
2023-12-21,96,CC,0.33,0.33,0.41,3.7,4.02,7.0,6.0,4.5,1,0,0,20211,2
2023-12-22,97,CC,0.29,0.34,0.39,3.7,4.01,6.9,5.9,4.5,1,0,0,20344,2
2023-12-23,98,CC,0.33,0.36,0.42,3.7,3.99,5.0,4.1,4.5,1,0,0,23988,0
2023-12-24,99,CC,0.34,0.37,0.43,3.7,3.99,4.9,4.0,4.5,1,0,0,23988,0
2023-12-25,100,CC,0.33,0.35,0.41,3.7,3.98,4.8,4.0,4.5,1,0,0,23988,0
2023-12-26,101,CC,0.32,0.34,0.42,3.7,3.99,5.01,4.1,4.5,1,0,0,23988,0
2023-12-27,102,CC,0.35,0.37,0.43,3.7,3.98,5.1,4.2,4.5,1,0,0,23988,0
2023-12-28,103,CC,0.32,0.36,0.51,3.6,3.89,6.5,5.6,4.5,0,1,0,22899,1
2023-12-29,104,CC,0.32,0.36,0.51,3.6,3.89,6.4,5.6,4.5,0,1,0,22899,1
2023-12-30,105,CC,0.32,0.36,0.51,3.6,3.89,6.7,5.6,4.5,0,1,0,22899,1
2023-12-31,106,CC,0.32,0.36,0.51,3.6,3.9,6.7,5.8,4.5,0,1,0,22899,1
2024-01-01,107,CC,0.32,0.36,0.51,3.6,3.89,6.7,5.8,4.5,0,1,0,22899,1
2024-01-02,108,CC,0.32,0.36,0.51,3.6,3.91,6.6,5.7,4.5,0,1,0,22899,1
2024-01-03,109,CC,0.32,0.36,0.51,3.6,3.9,6.9,5.8,4.5,0,1,0,22899,1
2024-01-04,110,CC,0.32,0.36,0.51,3.6,3.88,6.9,6.0,4.5,0,1,0,22899,1
2024-01-05,111,CC,0.32,0.36,0.51,3.6,3.89,7.0,5.9,4.5,0,1,0,22899,1
2024-01-06,112,CC,0.32,0.36,0.51,3.6,3.91,6.4,5.4,4.5,0,1,0,22899,1
2024-01-07,113,CC,0.31,0.31,0.51,3.7,3.91,10.1,8.0,4.5,1,0,0,18658,2
2024-01-08,114,CC,0.31,0.31,0.51,3.7,3.91,9.9,8.0,4.5,1,0,0,18657,2
2024-01-09,115,CC,0.31,0.31,0.51,3.7,3.91,9.9,8.0,4.5,1,0,0,18655,2
2024-01-10,116,CC,0.31,0.31,0.51,3.7,3.9,9.7,7.9,4.5,1,0,0,18658,2
2024-01-11,117,CC,0.31,0.31,0.51,3.7,3.9,10.0,8.1,4.5,1,0,0,18658,2
2024-01-12,118,CC,0.31,0.31,0.51,3.7,3.89,9.5,7.6,4.5,1,0,0,18658,2
2024-01-13,119,CC,0.31,0.31,0.51,3.7,3.89,10.1,8.0,4.5,1,0,0,18657,2
2024-01-14,120,CC,0.31,0.31,0.51,3.7,3.9,10.1,8.1,4.5,1,0,0,18658,2
2024-01-15,121,CC,0.31,0.31,0.51,3.7,3.91,9.9,7.99,4.5,1,0,0,18658,2
2024-01-16,122,CC,0.31,0.31,0.51,3.7,3.91,10.1,8.1,4.5,1,0,0,18657,2
2024-01-17,123,CC,0.31,0.31,0.51,3.7,3.92,10.2,8.2,4.5,1,0,0,18659,2
2024-01-18,124,CC,0.31,0.31,0.51,3.7,3.92,10.1,8.0,4.5,1,0,0,18658,2
2024-01-19,125,CC,4.3,4.64,4.29,3.7,3.89,10.9,8.9,4.5,1,0,0,14755,3
2024-01-20,126,CC,4.3,4.64,4.29,3.7,3.89,10.7,8.7,4.5,1,0,0,14755,3
2024-01-21,127,CC,4.3,4.64,4.29,3.7,3.89,9.1,8.3,4.5,1,0,0,14955,3
2024-01-22,128,CC,4.3,4.64,4.29,3.7,3.89,9.8,8.5,4.5,1,0,0,14955,3
2024-01-23,129,CC,4.3,4.64,4.29,3.7,3.89,10.5,8.7,4.5,1,0,0,14861,3
2024-01-24,130,CC,4.3,4.64,4.29,3.7,3.89,10.5,9.0,4.5,1,0,0,14861,3
2024-01-25,131,CC,4.3,4.64,4.29,3.7,3.89,10.01,9.1,4.5,1,0,0,14744,3
2024-01-26,132,CC,4.3,4.64,4.29,3.7,3.89,11.9,11.0,4.5,1,0,0,10955,3
2024-01-27,133,CC,4.3,4.64,4.29,3.7,3.89,11.58,10.5,4.5,1,0,0,11002,3
2024-01-28,134,CC,4.3,4.64,4.29,3.7,3.89,9.1,8.3,4.5,1,0,0,14712,3
2024-01-29,135,CC,4.3,4.64,4.29,3.7,3.89,9.1,8.3,4.5,1,0,0,14712,3
2024-01-30,136,CC,4.3,4.64,4.29,3.7,3.89,10.6,9.5,4.5,1,0,0,14519,3
2024-01-31,137,CC,4.3,4.64,4.29,3.7,3.89,10.1,9.8,4.5,1,0,0,13827,3
2024-02-01,138,CC,4.3,4.64,4.29,3.7,3.89,9.48,8.39,4.5,1,0,0,14720,3
2024-02-01,139,CC,4.25,4.61,4.59,3.7,3.99,6.6,5.7,4.5,1,0,0,21771,1
2024-02-01,140,CC,4.21,4.55,4.64,3.7,3.91,6.4,5.6,4.5,1,0,0,22111,1
2024-02-01,141,CC,2.99,3.12,3.91,3.7,3.95,7.0,5.9,4.5,1,0,0,22132,1
2024-02-01,142,CC,0.35,0.37,0.43,3.7,3.98,5.1,4.2,4.5,1,0,0,23988,0
2024-02-02,143,CC,4.3,4.64,4.29,3.7,3.89,11.0,10.0,4.5,1,0,0,14700,3
2024-02-03,144,CC,4.3,4.64,4.29,3.7,3.89,11.9,10.5,4.5,1,0,0,12658,3
2024-02-04,145,CC,4.3,4.64,4.29,3.7,3.89,12.4,11.0,4.5,1,0,0,11955,3
2024-02-05,146,CC,4.3,4.64,4.29,3.7,3.89,12.3,10.9,4.5,1,0,0,11955,3
2024-02-06,147,CC,4.3,4.64,4.29,3.7,3.89,10.4,9.8,4.5,1,0,0,13899,3
2024-02-07,148,CC,4.3,4.64,4.29,3.7,3.89,9.8,8.8,4.5,1,0,0,14799,3
2024-02-08,149,CC,4.3,4.64,4.29,3.7,3.89,9.25,8.25,4.5,1,0,0,14799,3
2024-02-09,150,CC,4.3,4.64,4.29,3.7,3.89,9.1,8.3,4.5,1,0,0,14899,3
2024-02-10,151,CC,4.3,4.64,4.29,3.7,3.89,9.1,8.4,4.5,1,0,0,14900,3
2024-02-11,152,CC,4.3,4.64,4.29,3.7,3.89,9.6,8.9,4.5,1,0,0,14988,3
2024-02-12,153,CC,4.3,4.64,4.29,3.7,3.89,9.4,8.44,4.5,1,0,0,14988,3
2024-02-13,154,CC,4.3,4.64,4.29,3.7,3.89,10.0,8.9,4.5,1,0,0,14755,3
2024-02-14,155,CC,4.3,4.64,4.29,3.7,3.89,9.4,8.8,4.5,1,0,0,14999,3
2024-02-14,156,CCZ,0.36,0.36,0.4,4.0,4.05,5.0,4.1,4.5,0,0,1,22840,1
2024-02-14,157,CCZ,0.36,0.37,0.41,4.0,4.1,5.2,4.1,4.5,0,0,1,22840,1
2024-02-14,158,CCZ,0.31,0.33,0.39,4.0,4.12,8.6,7.6,4.5,0,0,1,12332,3
2024-02-14,159,CCZ,0.26,0.3,0.29,3.9,3.9,8.4,7.5,4.5,0,0,1,14455,3
2024-02-14,160,CCZ,0.22,0.25,0.29,3.9,4.01,8.2,7.3,4.5,0,0,1,13758,3
2024-02-15,161,CCZ,0.29,0.39,0.41,3.9,3.99,8.2,7.3,4.5,0,0,1,13111,3
2024-02-15,162,CCZ,0.19,0.25,0.28,3.9,3.9,6.8,5.8,4.5,0,0,1,17333,2
2024-02-15,163,CCZ,0.21,0.29,0.33,3.9,4.08,10.3,9.4,4.5,0,0,1,9415,3
2024-02-15,163,CCZ,0.36,0.36,0.4,4.0,4.05,5.9,5.1,4.5,0,0,1,22840,1
2024-02-15,163,CCZ,0.36,0.37,0.41,4.0,4.1,6.0,5.1,4.5,0,0,1,23010,1
2024-02-15,163,CCZ,0.31,0.33,0.39,4.0,4.12,8.6,7.6,4.5,0,0,1,12411,3
2024-02-15,163,CCZ,0.26,0.3,0.29,3.9,3.9,8.4,7.5,4.5,0,0,1,14455,3
2024-02-15,163,CCZ,0.22,0.25,0.29,3.9,4.01,8.2,7.3,4.5,0,0,1,13758,3
2024-02-15,163,CCZ,0.29,0.39,0.41,3.9,3.99,8.2,7.3,4.5,0,0,1,13111,3
2024-02-15,163,CCZ,0.19,0.25,0.28,3.9,3.9,6.8,5.8,4.5,0,0,1,17333,2
2024-02-15,163,CCZ,0.21,0.29,0.33,3.9,4.08,10.3,9.4,4.5,0,0,1,9415,3
